intersect_bp,f_orig_query,f_match,f_unique_to_query,f_unique_weighted,average_abund,median_abund,std_abund,name,filename,md5,f_match_orig,unique_intersect_bp,gather_result_rank,remaining_bp,query_filename,query_name,query_md5,query_bp,lineage
2637000,0.030565053607649956,0.9992421371731717,0.030565053607649956,0.030565053607649956,,,,"GCA_003446605.1 Anaerolineaceae bacterium, ASM344660v1",/group/ctbrowngrp/gtdb/databases/ctb/gtdb-rs202.genomic.k31.sbt.zip,e2f63072aa4d6cf99627ceae55a5e673,0.9992421371731717,2637000,0,83638000,,SRR1976948-known,d8d3889a,86275000,d__Bacteria;p__Chloroflexota;c__Anaerolineae;o__Anaerolineales;f__Anaerolineaceae;g__UBA4781;s__UBA4781 sp003446605
2534000,0.029371196754563896,0.9988170347003155,0.02935960591133005,0.02935960591133005,,,,"GCA_003500195.1 Clostridiales bacterium, ASM350019v1",/group/ctbrowngrp/gtdb/databases/ctb/gtdb-rs202.genomic.k31.sbt.zip,5e1b5111590a961142e2ab2277288226,0.999211356466877,2533000,1,81105000,,SRR1976948-known,d8d3889a,86275000,d__Bacteria;p__Firmicutes_A;c__Clostridia;o__Tissierellales;f__Dethiosulfatibacteraceae;g__38-11;s__38-11 sp001509345
2531000,0.029336424224862358,0.9813881349360217,0.029336424224862358,0.029336424224862358,,,,"GCA_002503885.1 Methanoculleus marisnigri, ASM250388v1",/group/ctbrowngrp/gtdb/databases/ctb/gtdb-rs202.genomic.k31.sbt.zip,1f16c607be0bf2f7ccb4d539760b1cf0,0.9813881349360217,2531000,2,78574000,,SRR1976948-known,d8d3889a,86275000,d__Archaea;p__Halobacteriota;c__Methanomicrobia;o__Methanomicrobiales;f__Methanoculleaceae;g__Methanoculleus;s__Methanoculleus marisnigri_B
2488000,0.02883801796580701,0.9983948635634029,0.02883801796580701,0.02883801796580701,,,,"GCA_003451675.1 Candidatus Atribacteria bacterium, ASM345167v1",/group/ctbrowngrp/gtdb/databases/ctb/gtdb-rs202.genomic.k31.sbt.zip,ca3d342e807c0e574e8473fdb1924dc4,0.9983948635634029,2488000,3,76086000,,SRR1976948-known,d8d3889a,86275000,d__Bacteria;p__Caldatribacteriota;c__JS1;o__SB-45;f__34-128;g__34-128;s__34-128 sp003451675
2453000,0.028432338452622427,0.9983719983719984,0.028432338452622427,0.028432338452622427,,,,"GCA_003445665.1 Desulfotomaculum sp., ASM344566v1",/group/ctbrowngrp/gtdb/databases/ctb/gtdb-rs202.genomic.k31.sbt.zip,85752e9edc8c218c4e79245bab048a36,0.9983719983719984,2453000,4,73633000,,SRR1976948-known,d8d3889a,86275000,d__Bacteria;p__Firmicutes_B;c__Desulfotomaculia;o__Desulfotomaculales;f__Nap2-2B;g__46-80;s__46-80 sp003513005
2393000,0.027736887858591713,0.9962421711899792,0.027655751955954797,0.027655751955954797,,,,"GCA_001509375.1 Methanosaeta harundinacea, ASM150937v1",/group/ctbrowngrp/gtdb/databases/ctb/gtdb-rs202.genomic.k31.sbt.zip,37b5cb0766725668b9c0c50b660f6425,0.9991649269311065,2386000,5,71247000,,SRR1976948-known,d8d3889a,86275000,d__Archaea;p__Halobacteriota;c__Methanosarcinia;o__Methanotrichales;f__Methanotrichaceae;g__Methanothrix_A;s__Methanothrix_A harundinacea_D
2344000,0.027168936540133293,0.6643990929705216,0.027168936540133293,0.027168936540133293,,,,"GCA_002305765.1 Deltaproteobacteria bacterium UBA1386, ASM230576v1",/group/ctbrowngrp/gtdb/databases/ctb/gtdb-rs202.genomic.k31.sbt.zip,a12948742a3b08a54580619a009e2576,0.6643990929705216,2344000,6,68903000,,SRR1976948-known,d8d3889a,86275000,d__Bacteria;p__Desulfobacterota_G;c__Syntrophorhabdia;o__Syntrophorhabdales;f__Syntrophorhabdaceae;g__Delta-02;s__Delta-02 sp002305765
2239000,0.02595189800057954,0.9959910913140312,0.025917125470878006,0.025917125470878006,,,,"GCA_001508275.1 Actinobacteria bacterium 66_15, ASM150827v1",/group/ctbrowngrp/gtdb/databases/ctb/gtdb-rs202.genomic.k31.sbt.zip,27c28400c9f2d65027029ca663e4676e,0.9973273942093541,2236000,7,66667000,,SRR1976948-known,d8d3889a,86275000,d__Bacteria;p__Actinobacteriota;c__Coriobacteriia;o__OPB41;f__UBA2279;g__UBA7930;s__UBA7930 sp003453535
2216000,0.0256853086062011,0.9959550561797753,0.0256853086062011,0.0256853086062011,,,,"GCA_003454055.1 Bacteroidales bacterium, ASM345405v1",/group/ctbrowngrp/gtdb/databases/ctb/gtdb-rs202.genomic.k31.sbt.zip,ada78ab0c42aaf552aa0567893c24958,0.9959550561797753,2216000,8,64451000,,SRR1976948-known,d8d3889a,86275000,d__Bacteria;p__Bacteroidota;c__Bacteroidia;o__Bacteroidales;f__TTA-H9;g__TTA-H9;s__TTA-H9 sp002418865
2204000,0.025546218487394957,0.9986406887177164,0.025546218487394957,0.025546218487394957,,,,"GCA_001508575.1 candidate division TA06 bacterium 34_109, ASM150857v1",/group/ctbrowngrp/gtdb/databases/ctb/gtdb-rs202.genomic.k31.sbt.zip,ec087dc49f3efc23d5f4633a6778f05f,0.9986406887177164,2204000,9,62247000,,SRR1976948-known,d8d3889a,86275000,d__Bacteria;p__WOR-3;c__32-111;o__32-111;f__32-111;g__32-111;s__32-111 sp001508335
2180000,0.025268038249782673,0.7153644123440578,0.025256447406548827,0.025256447406548827,,,,"GCF_002896535.1 Mesotoga sp. B105.6.4 strain=B105.6.4, ASM289653v1",/group/ctbrowngrp/gtdb/databases/ctb/gtdb-rs202.genomic.k31.sbt.zip,9536cd8d8fc69870cf39eaae68764866,0.7156927117531189,2179000,10,60068000,,SRR1976948-known,d8d3889a,86275000,d__Bacteria;p__Thermotogota;c__Thermotogae;o__Petrotogales;f__Kosmotogaceae;g__Mesotoga;s__Mesotoga sp002752635
2160000,0.025036221385105768,0.999537251272559,0.025036221385105768,0.025036221385105768,,,,"GCA_001509005.1 Methanobacterium sp. 42_16, ASM150900v1",/group/ctbrowngrp/gtdb/databases/ctb/gtdb-rs202.genomic.k31.sbt.zip,06643b6623eab6443a2e329d2e26895c,0.999537251272559,2160000,11,57908000,,SRR1976948-known,d8d3889a,86275000,d__Archaea;p__Methanobacteriota;c__Methanobacteria;o__Methanobacteriales;f__Methanobacteriaceae;g__Methanobacterium;s__Methanobacterium formicicum
2086000,0.024178498985801218,0.9971305595408895,0.024166908142567372,0.024166908142567372,,,,"GCA_003512065.1 Candidatus Marinimicrobia bacterium, ASM351206v1",/group/ctbrowngrp/gtdb/databases/ctb/gtdb-rs202.genomic.k31.sbt.zip,510bf06f2e06e54b332d5e33b14fe1fa,0.9976087996174079,2085000,12,55823000,,SRR1976948-known,d8d3889a,86275000,d__Bacteria;p__Marinisomatota;c__AB16;o__AB16;f__46-47;g__46-47;s__46-47 sp001509335
2037000,0.023610547667342798,0.6894497020679986,0.02279918864097363,0.02279918864097363,,,,"GCA_002435945.1 Mesotoga sp. UBA6090, ASM243594v1",/group/ctbrowngrp/gtdb/databases/ctb/gtdb-rs202.genomic.k31.sbt.zip,3aff1b62fae04cb3f8270b7048edc48e,0.7139852786540484,1967000,13,53856000,,SRR1976948-known,d8d3889a,86275000,d__Bacteria;p__Thermotogota;c__Thermotogae;o__Petrotogales;f__Kosmotogaceae;g__Mesotoga;s__Mesotoga sp003228205
2151000,0.02493190379600116,0.9078276980083372,0.022718052738336714,0.022718052738336714,,,,"GCA_003513845.1 Candidatus Atribacteria bacterium, ASM351384v1",/group/ctbrowngrp/gtdb/databases/ctb/gtdb-rs202.genomic.k31.sbt.zip,891ce795bc9a1a171d7abc396f664ff2,0.9962945808244558,1960000,14,51896000,,SRR1976948-known,d8d3889a,86275000,d__Bacteria;p__Caldatribacteriota;c__JS1;o__SB-45;f__34-128;g__UBA9904;s__UBA9904 sp003513845
2044000,0.023691683569979714,0.951171875,0.02257896261953057,0.02257896261953057,,,,"GCA_003485325.1 Desulfotomaculum sp., ASM348532v1",/group/ctbrowngrp/gtdb/databases/ctb/gtdb-rs202.genomic.k31.sbt.zip,c788c1d8e6f8228bf6ef3b9e467a64f2,0.998046875,1948000,15,49948000,,SRR1976948-known,d8d3889a,86275000,d__Bacteria;p__Firmicutes_B;c__Desulfotomaculia;o__Desulfotomaculales;f__Nap2-2B;g__46-80;s__46-80 sp003485325
1900000,0.022022602144306,0.9900210084033614,0.021848739495798318,0.021848739495798318,,,,"GCA_001508455.1 Methanocalculus sp. 52_23, ASM150845v1",/group/ctbrowngrp/gtdb/databases/ctb/gtdb-rs202.genomic.k31.sbt.zip,eede7629dfbf0ee471c6ffce4242a343,0.9978991596638656,1885000,16,48063000,,SRR1976948-known,d8d3889a,86275000,d__Archaea;p__Halobacteriota;c__Methanomicrobia;o__Methanomicrobiales;f__Methanocorpusculaceae;g__Methanocalculus;s__Methanocalculus sp9912u
1850000,0.021443059982613734,0.7309363887791387,0.021443059982613734,0.021443059982613734,,,,"GCA_011620455.1 Syntrophaceae bacterium, ASM1162045v1",/group/ctbrowngrp/gtdb/databases/ctb/gtdb-rs202.genomic.k31.sbt.zip,9e21fd575f94ba4602b0270169547324,0.7309363887791387,1850000,17,46213000,,SRR1976948-known,d8d3889a,86275000,d__Bacteria;p__Desulfobacterota;c__Syntrophia;o__Syntrophales;f__Smithellaceae;g__UBA8904;s__UBA8904 sp003506745
1716000,0.01988988698927847,0.9976717112922002,0.01986670530281078,0.01986670530281078,,,,"GCA_001508395.1 Synergistales bacterium 53_16, ASM150839v1",/group/ctbrowngrp/gtdb/databases/ctb/gtdb-rs202.genomic.k31.sbt.zip,31e5af2587f2b34cc8113b7fc07c0aa5,0.9988358556461001,1714000,18,44499000,,SRR1976948-known,d8d3889a,86275000,d__Bacteria;p__Synergistota;c__Synergistia;o__Synergistales;f__Thermovirgaceae;g__UBA1876;s__UBA1876 sp003446665
1727000,0.020017386264850768,0.8403660396542959,0.01915966386554622,0.01915966386554622,,,,"GCA_002452835.1 Candidatus Atribacteria bacterium UBA6794, ASM245283v1",/group/ctbrowngrp/gtdb/databases/ctb/gtdb-rs202.genomic.k31.sbt.zip,b9d957013a6cb02cdc9820fdf599d7d1,0.8779867819013727,1653000,19,42846000,,SRR1976948-known,d8d3889a,86275000,d__Bacteria;p__Caldatribacteriota;c__JS1;o__SB-45;f__UBA6794;g__UBA6794;s__UBA6794 sp002452835
1628000,0.018869892784700085,0.8653126670229824,0.01876557519559548,0.01876557519559548,,,,"GCA_003445515.1 Anaerolineaceae bacterium, ASM344551v1",/group/ctbrowngrp/gtdb/databases/ctb/gtdb-rs202.genomic.k31.sbt.zip,34eac98eaece46ecdf98bfa37296074e,0.8701229289150187,1619000,20,41227000,,SRR1976948-known,d8d3889a,86275000,d__Bacteria;p__Chloroflexota;c__Anaerolineae;o__Anaerolineales;f__Anaerolineaceae;g__Brevefilum;s__Brevefilum sp001508595
1620000,0.018777166038829327,0.9140715109573241,0.018371486525644742,0.018371486525644742,,,,"GCA_003517675.1 Porphyromonadaceae bacterium, ASM351767v1",/group/ctbrowngrp/gtdb/databases/ctb/gtdb-rs202.genomic.k31.sbt.zip,e656b651cfc798cbd003da2e71789345,0.9342560553633218,1585000,21,39642000,,SRR1976948-known,d8d3889a,86275000,d__Bacteria;p__Bacteroidota;c__Bacteroidia;o__Bacteroidales;f__Dysgonomonadaceae;g__Proteiniphilum;s__Proteiniphilum sp003517675
1572000,0.018220805563604753,0.9980928162746344,0.01819762387713706,0.01819762387713706,,,,"GCA_003445715.1 Anaerolineaceae bacterium, ASM344571v1",/group/ctbrowngrp/gtdb/databases/ctb/gtdb-rs202.genomic.k31.sbt.zip,467c2983a41a8a07a0f6ae3676741d1c,0.9993642720915448,1570000,22,38072000,,SRR1976948-known,d8d3889a,86275000,d__Bacteria;p__Chloroflexota;c__Anaerolineae;o__Anaerolineales;f__Anaerolineaceae;g__49-20;s__49-20 sp003445715
1581000,0.01832512315270936,0.9766118836915297,0.01790785279629093,0.01790785279629093,,,,"GCA_001509385.1 Petrotoga mobilis, ASM150938v1",/group/ctbrowngrp/gtdb/databases/ctb/gtdb-rs202.genomic.k31.sbt.zip,3600482e8b3952fa9edb9d55b3395712,0.9993678887484198,1545000,23,36527000,,SRR1976948-known,d8d3889a,86275000,d__Bacteria;p__Thermotogota;c__Thermotogae;o__Petrotogales;f__Petrotogaceae;g__Petrotoga;s__Petrotoga sibirica
1359000,0.015751955954795713,0.9977941176470588,0.01572877426832802,0.01572877426832802,,,,"GCA_001509095.1 Synergistales bacterium 58_81, ASM150909v1",/group/ctbrowngrp/gtdb/databases/ctb/gtdb-rs202.genomic.k31.sbt.zip,bd8db87ee766b01a1141b4d3b2522a44,0.9992647058823529,1357000,24,35170000,,SRR1976948-known,d8d3889a,86275000,d__Bacteria;p__Synergistota;c__Synergistia;o__Synergistales;f__Thermovirgaceae;g__58-81;s__58-81 sp001509095
1310000,0.015184004636337293,0.4196028187059577,0.015184004636337293,0.015184004636337293,,,,"GCF_000013405.1 Syntrophus aciditrophicus SB strain=SB, ASM1340v1",/group/ctbrowngrp/gtdb/databases/ctb/gtdb-rs202.genomic.k31.sbt.zip,d932d5840deba8110fe65235866271f4,0.4196028187059577,1310000,25,33860000,,SRR1976948-known,d8d3889a,86275000,d__Bacteria;p__Desulfobacterota;c__Syntrophia;o__Syntrophales;f__Syntrophaceae;g__Syntrophus;s__Syntrophus aciditrophicus
1311000,0.015195595479571139,0.6513853904282116,0.014986960301361924,0.014986960301361924,,,,"GCA_002383685.1 Synergistaceae bacterium UBA4066, ASM238368v1",/group/ctbrowngrp/gtdb/databases/ctb/gtdb-rs202.genomic.k31.sbt.zip,4995b6087a2a9c2b6c59d4491d2ad040,0.6604534005037783,1293000,26,32567000,,SRR1976948-known,d8d3889a,86275000,d__Bacteria;p__Synergistota;c__Synergistia;o__Synergistales;f__Thermovirgaceae;g__UBA4066;s__UBA4066 sp002383685
1511000,0.017513764126340193,0.6685649202733486,0.013607649956534337,0.013607649956534337,,,,"GCA_011620695.1 Proteiniphilum sp., ASM1162069v1",/group/ctbrowngrp/gtdb/databases/ctb/gtdb-rs202.genomic.k31.sbt.zip,b6b00a19eb9c1dce167f868f41b37d1a,0.8604783599088838,1174000,27,31393000,,SRR1976948-known,d8d3889a,86275000,d__Bacteria;p__Bacteroidota;c__Bacteroidia;o__Bacteroidales;f__Dysgonomonadaceae;g__Proteiniphilum;s__Proteiniphilum sp011620695
1187000,0.013758330918574327,0.723540731237973,0.013074471167777456,0.013074471167777456,,,,"GCA_002497965.1 Methanomicrobiaceae archaeon UBA436, ASM249796v1",/group/ctbrowngrp/gtdb/databases/ctb/gtdb-rs202.genomic.k31.sbt.zip,3ea4aa33bada8707654b6363c10861e7,0.7613855035279025,1128000,28,30265000,,SRR1976948-known,d8d3889a,86275000,d__Archaea;p__Halobacteriota;c__Methanomicrobia;o__Methanomicrobiales;f__Methanoculleaceae;g__Methanoculleus;s__Methanoculleus sp002497965
1002000,0.011614024920312953,0.33703329969727547,0.011614024920312953,0.011614024920312953,,,,"GCF_003429665.1 Sphaerochaeta halotolerans strain=4-11, ASM342966v1",/group/ctbrowngrp/gtdb/databases/ctb/gtdb-rs202.genomic.k31.sbt.zip,f22286251b65154289e1d05bdcb0e1a5,0.33703329969727547,1002000,29,29263000,,SRR1976948-known,d8d3889a,86275000,d__Bacteria;p__Spirochaetota;c__Spirochaetia;o__Sphaerochaetales;f__Sphaerochaetaceae;g__Sphaerochaeta;s__Sphaerochaeta halotolerans
951000,0.011022891915386844,0.44964539007092197,0.011022891915386844,0.011022891915386844,,,,"GCA_003600755.1 Methanobacterium sp., ASM360075v1",/group/ctbrowngrp/gtdb/databases/ctb/gtdb-rs202.genomic.k31.sbt.zip,64e08189b525ffbc8dad6e55f9270302,0.44964539007092197,951000,30,28312000,,SRR1976948-known,d8d3889a,86275000,d__Archaea;p__Methanobacteriota;c__Methanobacteria;o__Methanobacteriales;f__Methanobacteriaceae;g__UBA588;s__UBA588 sp002509085
879000,0.010188351202549985,0.9370330843116329,0.010176760359316141,0.010176760359316141,,,,"GCA_013329105.1 Candidatus Methanomethylophilaceae archaeon, ASM1332910v1",/group/ctbrowngrp/gtdb/databases/ctb/gtdb-rs202.genomic.k31.sbt.zip,bd9ce1548e8abc2f475cdcde3d600c2a,0.9381003201707577,878000,31,27434000,,SRR1976948-known,d8d3889a,86275000,d__Archaea;p__Thermoplasmatota;c__Thermoplasmata;o__Methanomassiliicoccales;f__Methanomethylophilaceae;g__UBA9915;s__UBA9915 sp9915u
886000,0.010269487105186902,0.47103004291845496,0.010176760359316141,0.010176760359316141,,,,"GCA_011620055.1 Synergistaceae bacterium, ASM1162005v1",/group/ctbrowngrp/gtdb/databases/ctb/gtdb-rs202.genomic.k31.sbt.zip,03320a2404dec75c7ca11baa6229afdc,0.47532188841201717,878000,32,26556000,,SRR1976948-known,d8d3889a,86275000,d__Bacteria;p__Synergistota;c__Synergistia;o__Synergistales;f__Thermovirgaceae;g__UBA2252;s__UBA2252 sp002382605
842000,0.00975949000289771,0.30903034789045153,0.009678354100260795,0.009678354100260795,,,,"GCA_012797815.1 Chloroflexi bacterium, ASM1279781v1",/group/ctbrowngrp/gtdb/databases/ctb/gtdb-rs202.genomic.k31.sbt.zip,f05f01989e4a2857e56ce8373b7f21a5,0.31162102146558107,835000,33,25721000,,SRR1976948-known,d8d3889a,86275000,d__Bacteria;p__Chloroflexota;c__Anaerolineae;o__Anaerolineales;f__Anaerolineaceae;g__UBA4781;s__UBA4781 sp012797815
1548000,0.017942625325992466,0.5135483870967742,0.00922631121414083,0.00922631121414083,,,,"GCA_003525965.1 Mesotoga infera, ASM352596v1",/group/ctbrowngrp/gtdb/databases/ctb/gtdb-rs202.genomic.k31.sbt.zip,7571411e565af3642f013174134d4d6f,0.9987096774193548,796000,34,24925000,,SRR1976948-known,d8d3889a,86275000,d__Bacteria;p__Thermotogota;c__Thermotogae;o__Petrotogales;f__Kosmotogaceae;g__Mesotoga;s__Mesotoga infera_C
786000,0.009110402781802376,0.31823795800741045,0.008959721819762389,0.008959721819762389,,,,"GCF_900095295.1 Methanobacterium congolense, MCBB",/group/ctbrowngrp/gtdb/databases/ctb/gtdb-rs202.genomic.k31.sbt.zip,94e889f269dc119323b6d0218a48f54f,0.32358995471387403,773000,35,24152000,,SRR1976948-known,d8d3889a,86275000,d__Archaea;p__Methanobacteriota;c__Methanobacteria;o__Methanobacteriales;f__Methanobacteriaceae;g__Methanobacterium_C;s__Methanobacterium_C congolense
854000,0.009898580121703854,0.31119465329991647,0.00863517820921472,0.00863517820921472,,,,"GCA_002498065.1 Methanoculleus sp. UBA208, ASM249806v1",/group/ctbrowngrp/gtdb/databases/ctb/gtdb-rs202.genomic.k31.sbt.zip,851e631d3ec79ed5fed441b8fdee2cf2,0.3567251461988304,745000,36,23407000,,SRR1976948-known,d8d3889a,86275000,d__Archaea;p__Halobacteriota;c__Methanomicrobia;o__Methanomicrobiales;f__Methanoculleaceae;g__Methanoculleus;s__Methanoculleus sp002498065
729000,0.008449724717473196,0.18846949327817994,0.008449724717473196,0.008449724717473196,,,,"GCF_003260995.1 Acetobacterium sp. KB-1 strain=KB-1, ASM326099v1",/group/ctbrowngrp/gtdb/databases/ctb/gtdb-rs202.genomic.k31.sbt.zip,c923efd1c1f426da84ff38a4136d4a4d,0.18846949327817994,729000,37,22678000,,SRR1976948-known,d8d3889a,86275000,d__Bacteria;p__Firmicutes_A;c__Clostridia;o__Eubacteriales;f__Eubacteriaceae;g__Acetobacterium;s__Acetobacterium sp003260995
702000,0.008136771950159374,0.746268656716418,0.008113590263691683,0.008113590263691683,,,,"GCA_011620825.1 Candidatus Methanomethylophilaceae archaeon, ASM1162082v1",/group/ctbrowngrp/gtdb/databases/ctb/gtdb-rs202.genomic.k31.sbt.zip,fca2350c34c1c2937139169f45280532,0.7484008528784648,700000,38,21978000,,SRR1976948-known,d8d3889a,86275000,d__Archaea;p__Thermoplasmatota;c__Thermoplasmata;o__Methanomassiliicoccales;f__Methanomethylophilaceae;g__VadinCA11;s__VadinCA11 sp011620825
565000,0.006548826427122573,0.16554351010840904,0.006548826427122573,0.006548826427122573,,,,"GCA_013540605.1 Firmicutes bacterium, ASM1354060v1",/group/ctbrowngrp/gtdb/databases/ctb/gtdb-rs202.genomic.k31.sbt.zip,35d2ae6630b4192ba3a2df37d8528110,0.16554351010840904,565000,39,21413000,,SRR1976948-known,d8d3889a,86275000,d__Bacteria;p__Firmicutes_A;c__Ch29;o__Ch29;f__Ch29;g__Ch29;s__Ch29 sp013540605
526000,0.006096783541002608,0.16902768834513845,0.006085192697768763,0.006085192697768763,,,,"GCF_001888165.1 Pelobacter acetylenicus strain=DSM 3246, ASM188816v1",/group/ctbrowngrp/gtdb/databases/ctb/gtdb-rs202.genomic.k31.sbt.zip,b641d365763aa37cac9d4568efa49ff6,0.16934964584674822,525000,40,20888000,,SRR1976948-known,d8d3889a,86275000,d__Bacteria;p__Desulfobacterota_F;c__Desulfuromonadia;o__Desulfuromonadales;f__Syntrophotaleaceae;g__Syntrophotalea;s__Syntrophotalea acetylenica
479000,0.00555201390901188,0.16194055346771438,0.005494059692842655,0.005494059692842655,,,,"GCF_004138125.1 Porphyromonadaceae bacterium SYSU GA16112 strain=SYSU GA16112, ASM413812v1",/group/ctbrowngrp/gtdb/databases/ctb/gtdb-rs202.genomic.k31.sbt.zip,652cef8a27fb3d0a7bef80544ae54fd3,0.16364878715408268,474000,41,20414000,,SRR1976948-known,d8d3889a,86275000,d__Bacteria;p__Bacteroidota;c__Bacteroidia;o__Bacteroidales;f__Dysgonomonadaceae;g__UBA4179;s__UBA4179 sp002849245
615000,0.007128368588814837,0.15819589363850556,0.0054476963199072736,0.0054476963199072736,,,,"GCF_003664935.1 Mesotoga sp. H07pep.5.4 strain=H07pep.5.4, HF07pep.5.4 CLC assembly",/group/ctbrowngrp/gtdb/databases/ctb/gtdb-rs202.genomic.k31.sbt.zip,9d04bbe618a0271b46fa139899675b31,0.20700100976102323,470000,42,19944000,,SRR1976948-known,d8d3889a,86275000,d__Bacteria;p__Thermotogota;c__Thermotogae;o__Petrotogales;f__Kosmotogaceae;g__Mesotoga;s__Mesotoga prima
460000,0.005331787887568821,0.10302073940486925,0.005297015357867285,0.005297015357867285,,,,"GCF_004369245.1 Pelotomaculum sp. FP strain=FP, ASM436924v1",/group/ctbrowngrp/gtdb/databases/ctb/gtdb-rs202.genomic.k31.sbt.zip,14e4c242c731da88ca16772d5e740ad1,0.1036970243462579,457000,43,19487000,,SRR1976948-known,d8d3889a,86275000,d__Bacteria;p__Firmicutes_B;c__Desulfotomaculia;o__Desulfotomaculales;f__Pelotomaculaceae;g__Pelotomaculum_C;s__Pelotomaculum_C schinkii
452000,0.005239061141698058,0.2370214997378081,0.005239061141698058,0.005239061141698058,,,,"GCA_002436005.1 Anaerolineaceae bacterium UBA6086, ASM243600v1",/group/ctbrowngrp/gtdb/databases/ctb/gtdb-rs202.genomic.k31.sbt.zip,4a6fc04b6e5f511c200d8718e39359e6,0.2370214997378081,452000,44,19035000,,SRR1976948-known,d8d3889a,86275000,d__Bacteria;p__Chloroflexota;c__Anaerolineae;o__Anaerolineales;f__Anaerolineaceae;g__Brevefilum;s__Brevefilum sp002436005
2061000,0.023888727904955085,0.2104752667313288,0.005030425963488844,0.005030425963488844,,,,"GCA_001509275.1 Bacteroidetes bacterium 38_7, ASM150927v1",/group/ctbrowngrp/gtdb/databases/ctb/gtdb-rs202.genomic.k31.sbt.zip,fb3106b1a047ba8b748045d2a2add5ec,0.9995150339476236,434000,45,18601000,,SRR1976948-known,d8d3889a,86275000,d__Bacteria;p__Bacteroidota;c__Bacteroidia;o__Bacteroidales;f__TTA-H9;g__TTA-H9;s__TTA-H9 sp002418865
2133000,0.024723268617791946,0.17100977198697068,0.00486815415821501,0.00486815415821501,,,,"GCA_000953115.1 Methanobacterium formicicum, DSM1535",/group/ctbrowngrp/gtdb/databases/ctb/gtdb-rs202.genomic.k31.sbt.zip,cd5b4c0fee4bb53d1b1546d8595127e8,0.868485342019544,420000,46,18181000,,SRR1976948-known,d8d3889a,86275000,d__Archaea;p__Methanobacteriota;c__Methanobacteria;o__Methanobacteriales;f__Methanobacteriaceae;g__Methanobacterium;s__Methanobacterium formicicum
416000,0.004821790785279629,0.20915032679738563,0.004821790785279629,0.004821790785279629,,,,"GCA_002383405.1 Moorella sp. UBA4076, ASM238340v1",/group/ctbrowngrp/gtdb/databases/ctb/gtdb-rs202.genomic.k31.sbt.zip,75290b04a4967d8d6a919e0274e486c9,0.20915032679738563,416000,47,17765000,,SRR1976948-known,d8d3889a,86275000,d__Bacteria;p__Firmicutes_B;c__Moorellia;o__Moorellales;f__Moorellaceae;g__Moorella;s__Moorella sp002383405
1400000,0.016227180527383367,0.28313671061762663,0.004729064039408867,0.004729064039408867,,,,"GCA_002338095.1 Synergistaceae bacterium UBA1876, ASM233809v1",/group/ctbrowngrp/gtdb/databases/ctb/gtdb-rs202.genomic.k31.sbt.zip,dcb8df732bf20203572f4705bd83f64b,0.9715475364330326,408000,48,17357000,,SRR1976948-known,d8d3889a,86275000,d__Bacteria;p__Synergistota;c__Synergistia;o__Synergistales;f__Thermovirgaceae;g__UBA1876;s__UBA1876 sp003446665
1834000,0.02125760649087221,0.17236954662104362,0.004671109823239641,0.004671109823239641,,,,"GCA_011620795.1 Methanoculleus sp., ASM1162079v1",/group/ctbrowngrp/gtdb/databases/ctb/gtdb-rs202.genomic.k31.sbt.zip,f14fcf35b131c4ff03cf6b6a28262cb9,0.7844311377245509,403000,49,16954000,,SRR1976948-known,d8d3889a,86275000,d__Archaea;p__Halobacteriota;c__Methanomicrobia;o__Methanomicrobiales;f__Methanoculleaceae;g__Methanoculleus;s__Methanoculleus marisnigri_B
390000,0.004520428861199652,0.15021799445105033,0.004392929585627354,0.004392929585627354,,,,"GCA_003446375.1 Eubacteriaceae bacterium, ASM344637v1",/group/ctbrowngrp/gtdb/databases/ctb/gtdb-rs202.genomic.k31.sbt.zip,e7257005ef5b91adbfb2c2b2eaf7c653,0.1545778834720571,379000,50,16575000,,SRR1976948-known,d8d3889a,86275000,d__Bacteria;p__Firmicutes_A;c__Clostridia;o__Eubacteriales;f__Alkalibacteraceae;g__Alkalibacter;s__Alkalibacter sp003446375
369000,0.004277021153288902,0.1489275596924322,0.004265430310055057,0.004265430310055057,,,,"GCA_002030015.1 delta proteobacterium MLS_D, ASM203001v1",/group/ctbrowngrp/gtdb/databases/ctb/gtdb-rs202.genomic.k31.sbt.zip,07bc9b2a2e97e674c95e0c04d2acee57,0.14933225414811818,368000,51,16207000,,SRR1976948-known,d8d3889a,86275000,d__Bacteria;p__Desulfobacterota;c__Syntrophia;o__Syntrophales;f__UBA2210;g__MLS-D;s__MLS-D sp002030015
1261000,0.014616053317878876,0.27380952380952384,0.004265430310055057,0.004265430310055057,,,,"GCA_003524545.1 Synergistaceae bacterium, ASM352454v1",/group/ctbrowngrp/gtdb/databases/ctb/gtdb-rs202.genomic.k31.sbt.zip,7222c67a7edf7b3531b4eae2319f462c,0.9382440476190477,368000,52,15839000,,SRR1976948-known,d8d3889a,86275000,d__Bacteria;p__Synergistota;c__Synergistia;o__Synergistales;f__Thermovirgaceae;g__58-81;s__58-81 sp001509095
377000,0.004369747899159664,0.17961405244928252,0.0042074760938858305,0.0042074760938858305,,,,"GCF_003265365.1 Petrotoga sp. 9PW.55.5.1 strain=9PW.55.5.1, ASM326536v1",/group/ctbrowngrp/gtdb/databases/ctb/gtdb-rs202.genomic.k31.sbt.zip,2c6e097d0c5c08ad61f791a3edfffcf7,0.18654131618010886,363000,53,15476000,,SRR1976948-known,d8d3889a,86275000,d__Bacteria;p__Thermotogota;c__Thermotogae;o__Petrotogales;f__Petrotogaceae;g__Petrotoga;s__Petrotoga sp003265365
360000,0.004172703564184295,0.1800302571860817,0.004137931034482759,0.004137931034482759,,,,"GCA_002452315.1 Anaerolineaceae bacterium UBA6801, ASM245231v1",/group/ctbrowngrp/gtdb/databases/ctb/gtdb-rs202.genomic.k31.sbt.zip,50403463b0a59ba7b1b94dc38d2dd731,0.1815431164901664,357000,54,15119000,,SRR1976948-known,d8d3889a,86275000,d__Bacteria;p__Chloroflexota;c__Anaerolineae;o__Anaerolineales;f__Anaerolineaceae;g__Brevefilum;s__Brevefilum sp002452315
614000,0.007116777745580991,0.16801139060275272,0.004103158504781223,0.004103158504781223,,,,"GCA_001509135.1 Thermotogales bacterium 46_20, ASM150913v1",/group/ctbrowngrp/gtdb/databases/ctb/gtdb-rs202.genomic.k31.sbt.zip,24939b9b14eea2e2c0aecb6acef12c7d,0.29140958709065024,354000,55,14765000,,SRR1976948-known,d8d3889a,86275000,d__Bacteria;p__Thermotogota;c__Thermotogae;o__Petrotogales;f__Kosmotogaceae;g__UBA9910;s__UBA9910 sp003444085
352000,0.004079976818313532,0.07871198568872988,0.004079976818313532,0.004079976818313532,,,,"GCA_002425855.1 bacterium UBP9_UBA5552, ASM242585v1",/group/ctbrowngrp/gtdb/databases/ctb/gtdb-rs202.genomic.k31.sbt.zip,5bb7cdc0728f4a850c3471ca67f27969,0.07871198568872988,352000,56,14413000,,SRR1976948-known,d8d3889a,86275000,d__Bacteria;p__Eremiobacterota;c__Xenobia;o__Xenobiales;f__Xenobiaceae;g__Xenobium;s__Xenobium purgamenti
1507000,0.017467400753404812,0.17026496565260058,0.004022022602144306,0.004022022602144306,,,,"GCF_004366085.1 Petrotoga sibirica strain=DSM 13575, ASM436608v1",/group/ctbrowngrp/gtdb/databases/ctb/gtdb-rs202.genomic.k31.sbt.zip,92856c846cca7cf0ba7f1add2878523b,0.739450441609421,347000,57,14066000,,SRR1976948-known,d8d3889a,86275000,d__Bacteria;p__Thermotogota;c__Thermotogae;o__Petrotogales;f__Petrotogaceae;g__Petrotoga;s__Petrotoga sibirica
1857000,0.021524195885250653,0.184846856528748,0.00398725007244277,0.00398725007244277,,,,"GCA_013329165.1 Methanocalculus sp., ASM1332916v1",/group/ctbrowngrp/gtdb/databases/ctb/gtdb-rs202.genomic.k31.sbt.zip,0360ec3d39be7224f4d41976de9826d9,0.9978506179473401,344000,58,13722000,,SRR1976948-known,d8d3889a,86275000,d__Archaea;p__Halobacteriota;c__Methanomicrobia;o__Methanomicrobiales;f__Methanocorpusculaceae;g__Methanocalculus;s__Methanocalculus sp9912u
333000,0.0038597507968704723,0.6036363636363636,0.003848159953636627,0.003848159953636627,,,,"GCA_002340425.1 Patescibacteria group bacterium UBA2558, ASM234042v1",/group/ctbrowngrp/gtdb/databases/ctb/gtdb-rs202.genomic.k31.sbt.zip,32cdd20490ca7d8947e95caf9b377b37,0.6054545454545455,332000,59,13390000,,SRR1976948-known,d8d3889a,86275000,d__Bacteria;p__Patescibacteria;c__Paceibacteria;o__Paceibacterales;f__UBA5633;g__UBA2558;s__UBA2558 sp002340425
2145000,0.02486235873659809,0.11494252873563218,0.0038249782671689364,0.0038249782671689364,,,,"GCF_002752635.1 Mesotoga sp. Brook.08.105.5.1 strain=Brook.08.105.5.1, ASM275263v1",/group/ctbrowngrp/gtdb/databases/ctb/gtdb-rs202.genomic.k31.sbt.zip,c1f9190232fc14127b6a784e95c6326b,0.7471264367816092,330000,60,13060000,,SRR1976948-known,d8d3889a,86275000,d__Bacteria;p__Thermotogota;c__Thermotogae;o__Petrotogales;f__Kosmotogaceae;g__Mesotoga;s__Mesotoga sp002752635
314000,0.0036395247754274123,0.17988505747126438,0.003627933932193567,0.003627933932193567,,,,"GCA_001508935.1 Synergistales bacterium 54_24, ASM150893v1",/group/ctbrowngrp/gtdb/databases/ctb/gtdb-rs202.genomic.k31.sbt.zip,8984622a9ac69cf9068ab72c5d82efe8,0.18045977011494252,313000,61,12747000,,SRR1976948-known,d8d3889a,86275000,d__Bacteria;p__Synergistota;c__Synergistia;o__Synergistales;f__54-24;g__54-24;s__54-24 sp001508935
1331000,0.015427412344248045,0.21708683473389356,0.003593161402492031,0.003593161402492031,,,,"GCA_001508595.1 Anaerolineaceae bacterium 46_22, ASM150859v1",/group/ctbrowngrp/gtdb/databases/ctb/gtdb-rs202.genomic.k31.sbt.zip,09e99d6d0396e7b0bbf524f896389327,0.9320728291316527,310000,62,12437000,,SRR1976948-known,d8d3889a,86275000,d__Bacteria;p__Chloroflexota;c__Anaerolineae;o__Anaerolineales;f__Anaerolineaceae;g__Brevefilum;s__Brevefilum sp001508595
1680000,0.01947261663286004,0.13293051359516617,0.003569979716024341,0.003569979716024341,,,,"GCA_003506115.1 Syntrophaceae bacterium, ASM350611v1",/group/ctbrowngrp/gtdb/databases/ctb/gtdb-rs202.genomic.k31.sbt.zip,7b5c9d0f9951501c752f87abafe1f2f8,0.7250755287009063,308000,63,12129000,,SRR1976948-known,d8d3889a,86275000,d__Bacteria;p__Desulfobacterota;c__Syntrophia;o__Syntrophales;f__Smithellaceae;g__UBA8904;s__UBA8904 sp003506745
301000,0.003488843813387424,0.10485844110450891,0.0034772529701535787,0.0034772529701535787,,,,"GCA_900163975.1 uncultured spirochete, SPIRO4BDMA_PRJEB19364_v1",/group/ctbrowngrp/gtdb/databases/ctb/gtdb-rs202.genomic.k31.sbt.zip,b01440b87ae642b88c9293ddc456abac,0.10520796924152394,300000,64,11829000,,SRR1976948-known,d8d3889a,86275000,d__Bacteria;p__Spirochaetota;c__Spirochaetia;o__Treponematales;f__UBA8932;g__Rectinema;s__Rectinema sp002441395
485000,0.005621558968414952,0.13308164228409627,0.003268617791944364,0.003268617791944364,,,,"GCF_002895585.1 Petrotoga sp. 9T1HF07.CasAA.8.2 strain=9T1HF07.CasAA.8.2, ASM289558v1",/group/ctbrowngrp/gtdb/databases/ctb/gtdb-rs202.genomic.k31.sbt.zip,df7daf2e2972b94c8d9d24e061634e07,0.2288815478999528,282000,65,11547000,,SRR1976948-known,d8d3889a,86275000,d__Bacteria;p__Thermotogota;c__Thermotogae;o__Petrotogales;f__Petrotogaceae;g__Petrotoga;s__Petrotoga mobilis
1184000,0.01372355838887279,0.10795681727309077,0.003129527673138221,0.003129527673138221,,,,"GCA_002419525.1 Syntrophaceae bacterium UBA5726, ASM241952v1",/group/ctbrowngrp/gtdb/databases/ctb/gtdb-rs202.genomic.k31.sbt.zip,d2c0455e8ae04f9638d3bae4710f385a,0.47341063574570175,270000,66,11277000,,SRR1976948-known,d8d3889a,86275000,d__Bacteria;p__Desulfobacterota;c__Syntrophia;o__Syntrophales;f__Syntrophaceae;g__Syntrophus;s__Syntrophus aciditrophicus
253000,0.0029324833381628515,0.07643312101910828,0.0029208924949290062,0.0029208924949290062,,,,"GCA_013178055.1 Bacteroidales bacterium, ASM1317805v1",/group/ctbrowngrp/gtdb/databases/ctb/gtdb-rs202.genomic.k31.sbt.zip,c29393feb2585ef40e1c5f2bec9e50b3,0.07673642705489839,252000,67,11025000,,SRR1976948-known,d8d3889a,86275000,d__Bacteria;p__Bacteroidota;c__Bacteroidia;o__Bacteroidales;f__TTA-H9;g__UBA2030;s__UBA2030 sp002332755
252000,0.0029208924949290062,0.10879930645860425,0.002909301651695161,0.002909301651695161,,,,"GCA_002423495.1 Anaerolineaceae bacterium UBA6105, ASM242349v1",/group/ctbrowngrp/gtdb/databases/ctb/gtdb-rs202.genomic.k31.sbt.zip,04623a7861e8a306a8bbb26cac6a9e04,0.10923276983094929,251000,68,10774000,,SRR1976948-known,d8d3889a,86275000,d__Bacteria;p__Chloroflexota;c__Anaerolineae;o__Anaerolineales;f__Anaerolineaceae;g__T78;s__T78 sp002423495
229000,0.002654303100550565,0.16618287373004353,0.002654303100550565,0.002654303100550565,,,,"GCA_013330715.1 Methanothermobacter thermautotrophicus, ASM1333071v1",/group/ctbrowngrp/gtdb/databases/ctb/gtdb-rs202.genomic.k31.sbt.zip,4bdfc75c2cee5277b599805c4934018a,0.16618287373004353,229000,69,10545000,,SRR1976948-known,d8d3889a,86275000,d__Archaea;p__Methanobacteriota;c__Methanobacteria;o__Methanobacteriales;f__Methanothermobacteraceae;g__Methanothermobacter;s__Methanothermobacter thermautotrophicus
2133000,0.024723268617791946,0.10736052508204406,0.002654303100550565,0.002654303100550565,,,,"GCA_001508995.1 Desulfotomaculum sp. 46_80, ASM150899v1",/group/ctbrowngrp/gtdb/databases/ctb/gtdb-rs202.genomic.k31.sbt.zip,13d159c9bb9ae6ef735a6c31ced8cfaa,1.0,229000,70,10316000,,SRR1976948-known,d8d3889a,86275000,d__Bacteria;p__Firmicutes_B;c__Desulfotomaculia;o__Desulfotomaculales;f__Nap2-2B;g__46-80;s__46-80 sp003513005
226000,0.002619530570849029,0.05883884405102838,0.002619530570849029,0.002619530570849029,,,,"GCF_900107855.1 Marinobacterium georgiense DSM 11526 strain=DSM 11526, IMG-taxon 2634166328 annotated assembly",/group/ctbrowngrp/gtdb/databases/ctb/gtdb-rs202.genomic.k31.sbt.zip,9498b88c9595f494e8e8462865a9c69c,0.05883884405102838,226000,71,10090000,,SRR1976948-known,d8d3889a,86275000,d__Bacteria;p__Proteobacteria;c__Gammaproteobacteria;o__Pseudomonadales;f__Nitrincolaceae;g__Marinobacterium;s__Marinobacterium georgiense
2257000,0.026160533178788758,0.09205020920502092,0.002549985511445958,0.002549985511445958,,,,"GCA_002503525.1 Methanoculleus marisnigri, ASM250352v1",/group/ctbrowngrp/gtdb/databases/ctb/gtdb-rs202.genomic.k31.sbt.zip,3d812e10290d84086c9f5e04daa13a78,0.9443514644351464,220000,72,9870000,,SRR1976948-known,d8d3889a,86275000,d__Archaea;p__Halobacteriota;c__Methanomicrobia;o__Methanomicrobiales;f__Methanoculleaceae;g__Methanoculleus;s__Methanoculleus marisnigri_B
216000,0.0025036221385105768,0.1134453781512605,0.0025036221385105768,0.0025036221385105768,,,,"GCA_012727615.1 Bacteroidales bacterium, ASM1272761v1",/group/ctbrowngrp/gtdb/databases/ctb/gtdb-rs202.genomic.k31.sbt.zip,6277469eb5c60b6fb5fa3ce127cadef7,0.1134453781512605,216000,73,9654000,,SRR1976948-known,d8d3889a,86275000,d__Bacteria;p__Bacteroidota;c__Bacteroidia;o__Bacteroidales;f__DTU049;g__DTU049;s__DTU049 sp001513285
209000,0.0024224862358736598,0.34602649006622516,0.0024224862358736598,0.0024224862358736598,,,,"GCA_011620305.1 Candidatus Dojkabacteria bacterium, ASM1162030v1",/group/ctbrowngrp/gtdb/databases/ctb/gtdb-rs202.genomic.k31.sbt.zip,2e683cba3734941b6d6dae979f1e59ce,0.34602649006622516,209000,74,9445000,,SRR1976948-known,d8d3889a,86275000,d__Bacteria;p__Patescibacteria;c__Dojkabacteria;o__SC72;f__SC72;g__WOZL01;s__WOZL01 sp011620305
1478000,0.017131266299623298,0.13742494996664442,0.002387713706172124,0.002387713706172124,,,,"GCA_001509155.1 Synergistales bacterium 54_9, ASM150915v1",/group/ctbrowngrp/gtdb/databases/ctb/gtdb-rs202.genomic.k31.sbt.zip,5a50393d68f94d1b5c6f7d67884a3157,0.9859906604402935,206000,75,9239000,,SRR1976948-known,d8d3889a,86275000,d__Bacteria;p__Synergistota;c__Synergistia;o__Synergistales;f__Thermovirgaceae;g__UBA1876;s__UBA1876 sp003446665
1565000,0.018139669660967837,0.12938177182919056,0.002352941176470588,0.002352941176470588,,,,"GCA_001509115.1 Mesotoga infera, ASM150911v1",/group/ctbrowngrp/gtdb/databases/ctb/gtdb-rs202.genomic.k31.sbt.zip,ea58b0cf823012f6bd64befb9bd97ecb,0.9974506054811982,203000,76,9036000,,SRR1976948-known,d8d3889a,86275000,d__Bacteria;p__Thermotogota;c__Thermotogae;o__Petrotogales;f__Kosmotogaceae;g__Mesotoga;s__Mesotoga infera_C
868000,0.010060851926977688,0.1092572658772874,0.002352941176470588,0.002352941176470588,,,,"GCA_002418745.1 Synergistaceae bacterium UBA5768, ASM241874v1",/group/ctbrowngrp/gtdb/databases/ctb/gtdb-rs202.genomic.k31.sbt.zip,d6b026f053e93aa46eb7c9daf9753a46,0.4671689989235737,203000,77,8833000,,SRR1976948-known,d8d3889a,86275000,d__Bacteria;p__Synergistota;c__Synergistia;o__Synergistales;f__Thermovirgaceae;g__UBA2252;s__UBA2252 sp002382605
2278000,0.026403940886699506,0.08859649122807017,0.002341350333236743,0.002341350333236743,,,,"GCA_001508615.1 Methanosaeta harundinacea, ASM150861v1",/group/ctbrowngrp/gtdb/databases/ctb/gtdb-rs202.genomic.k31.sbt.zip,ead97f7bdbcef4177fc4b49d85b4588c,0.9991228070175439,202000,78,8631000,,SRR1976948-known,d8d3889a,86275000,d__Archaea;p__Halobacteriota;c__Methanosarcinia;o__Methanotrichales;f__Methanotrichaceae;g__Methanothrix_A;s__Methanothrix_A harundinacea_D
197000,0.0022833961170675167,0.06836414370422043,0.0022718052738336715,0.0022718052738336715,,,,"GCF_000204415.1 Methanothrix soehngenii GP6 strain=GP6, ASM20441v1",/group/ctbrowngrp/gtdb/databases/ctb/gtdb-rs202.genomic.k31.sbt.zip,a34f6856f1262ff8633138c832fdf1e8,0.06871294035577258,196000,79,8435000,,SRR1976948-known,d8d3889a,86275000,d__Archaea;p__Halobacteriota;c__Methanosarcinia;o__Methanotrichales;f__Methanotrichaceae;g__Methanothrix;s__Methanothrix soehngenii
1978000,0.022926687916545927,0.09667673716012085,0.0022254419008982903,0.0022254419008982903,,,,"GCA_001509335.1 Marinimicrobia bacterium 46_43, ASM150933v1",/group/ctbrowngrp/gtdb/databases/ctb/gtdb-rs202.genomic.k31.sbt.zip,89200d84a91a52c16ba3061e70f5394e,0.9959718026183283,192000,80,8243000,,SRR1976948-known,d8d3889a,86275000,d__Bacteria;p__Marinisomatota;c__AB16;o__AB16;f__46-47;g__46-47;s__46-47 sp001509335
1886000,0.021860330339032164,0.0975609756097561,0.0021327151550275284,0.0021327151550275284,,,,"GCA_001509345.1 Clostridiales bacterium 38_11, ASM150934v1",/group/ctbrowngrp/gtdb/databases/ctb/gtdb-rs202.genomic.k31.sbt.zip,0d1e391fda043a6dc8b18f0f33bcfb25,1.0,184000,81,8059000,,SRR1976948-known,d8d3889a,86275000,d__Bacteria;p__Firmicutes_A;c__Clostridia;o__Tissierellales;f__Dethiosulfatibacteraceae;g__38-11;s__38-11 sp001509345
282000,0.003268617791944364,0.08753709198813056,0.0020515792523906114,0.0020515792523906114,,,,"GCA_002496395.1 Methanocorpusculaceae archaeon UBA456, ASM249639v1",/group/ctbrowngrp/gtdb/databases/ctb/gtdb-rs202.genomic.k31.sbt.zip,043b19c14105fbd28227cd78d5245233,0.1394658753709199,177000,82,7882000,,SRR1976948-known,d8d3889a,86275000,d__Archaea;p__Halobacteriota;c__Methanomicrobia;o__Methanomicrobiales;f__Methanocorpusculaceae;g__Methanocalculus;s__Methanocalculus sp002496395
943000,0.010930165169516082,0.14451827242524917,0.0020168067226890756,0.0020168067226890756,,,,"GCA_003451995.1 Synergistaceae bacterium, ASM345199v1",/group/ctbrowngrp/gtdb/databases/ctb/gtdb-rs202.genomic.k31.sbt.zip,bc5b3d344028974ce8256326528445a7,0.7832225913621262,174000,83,7708000,,SRR1976948-known,d8d3889a,86275000,d__Bacteria;p__Synergistota;c__Synergistia;o__Synergistales;f__Thermovirgaceae;g__58-81;s__58-81 sp001509095
171000,0.0019820341929875397,0.07462019660411082,0.0019356708200521588,0.0019356708200521588,,,,"GCF_004101785.1 Gudongella oleilytica strain=W6, ASM410178v1",/group/ctbrowngrp/gtdb/databases/ctb/gtdb-rs202.genomic.k31.sbt.zip,e6d7d11b9180e4b49c9918da7e5f727c,0.07640750670241286,167000,84,7541000,,SRR1976948-known,d8d3889a,86275000,d__Bacteria;p__Firmicutes_A;c__Clostridia;o__Tissierellales;f__Tissierellaceae;g__Gudongella;s__Gudongella oleilytica
566000,0.0065604172703564185,0.08345902463549522,0.0019240799768183135,0.0019240799768183135,,,,"GCA_002505725.1 Methanobacterium sp. UBA339, ASM250572v1",/group/ctbrowngrp/gtdb/databases/ctb/gtdb-rs202.genomic.k31.sbt.zip,7caeb8b68486192763ae442a27b7c77b,0.28456510809451985,166000,85,7375000,,SRR1976948-known,d8d3889a,86275000,d__Archaea;p__Methanobacteriota;c__Methanobacteria;o__Methanobacteriales;f__Methanobacteriaceae;g__Methanobacterium_C;s__Methanobacterium_C congolense
165000,0.0019124891335844682,0.07430901676483914,0.001900898290350623,0.001900898290350623,,,,"GCA_014360155.1 Syntrophomonadaceae bacterium, ASM1436015v1",/group/ctbrowngrp/gtdb/databases/ctb/gtdb-rs202.genomic.k31.sbt.zip,f8c78b460c4f2ff49a8119c9cc145d92,0.07476212052560036,164000,86,7211000,,SRR1976948-known,d8d3889a,86275000,d__Bacteria;p__Firmicutes_B;c__Syntrophomonadia;o__Syntrophomonadales;f__Syntrophomonadaceae;g__JACIYB01;s__JACIYB01 sp014360155
438000,0.005076789336424225,0.05671747607231478,0.001854534917415242,0.001854534917415242,,,,"GCF_002849245.1 Dysgonamonadaceae bacterium strain=XHS2771, ASM284924v1",/group/ctbrowngrp/gtdb/databases/ctb/gtdb-rs202.genomic.k31.sbt.zip,4d71835819a748c0e25505670f27a78c,0.1552640907479617,160000,87,7051000,,SRR1976948-known,d8d3889a,86275000,d__Bacteria;p__Bacteroidota;c__Bacteroidia;o__Bacteroidales;f__Dysgonomonadaceae;g__UBA4179;s__UBA4179 sp002849245
543000,0.006293827875977978,0.04959196484620213,0.0018313532309475514,0.0018313532309475514,,,,"GCF_003664995.1 Mesotoga sp. BH458_6_3_2_1 strain=BH458_6_3_2_1, BH458_6_3_2_1 CLC assembly",/group/ctbrowngrp/gtdb/databases/ctb/gtdb-rs202.genomic.k31.sbt.zip,d1a1696f1279bf7d5c840ef580311b65,0.1704331450094162,158000,88,6893000,,SRR1976948-known,d8d3889a,86275000,d__Bacteria;p__Thermotogota;c__Thermotogae;o__Petrotogales;f__Kosmotogaceae;g__Mesotoga;s__Mesotoga sp003664995
2220000,0.02573167197913648,0.07113912651958577,0.0018313532309475514,0.0018313532309475514,,,,"GCA_003453535.1 Coriobacteriia bacterium, ASM345353v1",/group/ctbrowngrp/gtdb/databases/ctb/gtdb-rs202.genomic.k31.sbt.zip,a75f981786d5e265856c0d291d0d659a,0.9995497523638001,158000,89,6735000,,SRR1976948-known,d8d3889a,86275000,d__Bacteria;p__Actinobacteriota;c__Coriobacteriia;o__OPB41;f__UBA2279;g__UBA7930;s__UBA7930 sp003453535
159000,0.0018429440741813967,0.032171581769437,0.0018081715444798608,0.0018081715444798608,,,,"GCF_000421285.1 Desulfotignum balticum DSM 7044 strain=DSM 7044, ASM42128v1",/group/ctbrowngrp/gtdb/databases/ctb/gtdb-rs202.genomic.k31.sbt.zip,91c54540cc5dc8102da3b80a4b810e13,0.032790266034233864,156000,90,6579000,,SRR1976948-known,d8d3889a,86275000,d__Bacteria;p__Desulfobacterota;c__Desulfobacteria;o__Desulfobacterales;f__Desulfobacteraceae;g__Desulfotignum;s__Desulfotignum balticum
153000,0.0017733990147783252,0.08110992529348986,0.00176180817154448,0.00176180817154448,,,,"GCF_000233775.1 Thermovirga lienii DSM 17291 strain=DSM 17291, ASM23377v1",/group/ctbrowngrp/gtdb/databases/ctb/gtdb-rs202.genomic.k31.sbt.zip,89fd17bfa120c6be4a27e5bb7192f016,0.0816435432230523,152000,91,6427000,,SRR1976948-known,d8d3889a,86275000,d__Bacteria;p__Synergistota;c__Synergistia;o__Synergistales;f__Thermovirgaceae;g__Thermovirga;s__Thermovirga lienii
148000,0.0017154447986090988,0.06755514705882353,0.0017038539553752535,0.0017038539553752535,,,,"GCA_002428495.1 Synergistaceae bacterium UBA6101, ASM242849v1",/group/ctbrowngrp/gtdb/databases/ctb/gtdb-rs202.genomic.k31.sbt.zip,807551367c0b10381ce4823e978239a9,0.06801470588235294,147000,92,6280000,,SRR1976948-known,d8d3889a,86275000,d__Bacteria;p__Synergistota;c__Synergistia;o__Synergistales;f__Synergistaceae;g__Syner-03;s__Syner-03 sp002428495
146000,0.0016922631121414082,0.07153356197942186,0.0016922631121414082,0.0016922631121414082,,,,"GCA_003542295.1 Candidatus Atribacteria bacterium, ASM354229v1",/group/ctbrowngrp/gtdb/databases/ctb/gtdb-rs202.genomic.k31.sbt.zip,2673315e26b384e04b508eb2fcfa34bb,0.07153356197942186,146000,93,6134000,,SRR1976948-known,d8d3889a,86275000,d__Bacteria;p__Caldatribacteriota;c__Caldatribacteriia;o__Caldatribacteriales;f__UBA8910;g__UBA8910;s__UBA8910 sp003542295
362000,0.004195885250651985,0.03972602739726028,0.0016806722689075631,0.0016806722689075631,,,,"GCA_012719415.1 Syntrophorhabdus sp., ASM1271941v1",/group/ctbrowngrp/gtdb/databases/ctb/gtdb-rs202.genomic.k31.sbt.zip,d4dadf7aabfc36de9955e00b0bfa052b,0.09917808219178083,145000,94,5989000,,SRR1976948-known,d8d3889a,86275000,d__Bacteria;p__Desulfobacterota_G;c__Syntrophorhabdia;o__Syntrophorhabdales;f__Syntrophorhabdaceae;g__Delta-02;s__Delta-02 sp012719415
1863000,0.021593740944653723,0.07663650878126663,0.0016690814256737178,0.0016690814256737178,,,,"GCA_001508665.1 Methanoculleus marisnigri, ASM150866v1",/group/ctbrowngrp/gtdb/databases/ctb/gtdb-rs202.genomic.k31.sbt.zip,a92a355d71eb063d0ca41a21df1be491,0.9914848323576371,144000,95,5845000,,SRR1976948-known,d8d3889a,86275000,d__Archaea;p__Halobacteriota;c__Methanomicrobia;o__Methanomicrobiales;f__Methanoculleaceae;g__Methanoculleus;s__Methanoculleus marisnigri_B
1316000,0.015253549695740365,0.051919561243144424,0.0016458997392060273,0.0016458997392060273,,,,"GCA_002418865.1 Bacteroidales bacterium UBA5762, ASM241886v1",/group/ctbrowngrp/gtdb/databases/ctb/gtdb-rs202.genomic.k31.sbt.zip,92477575b9cbd2a56dc546b78dbe48c9,0.48117001828153566,142000,96,5703000,,SRR1976948-known,d8d3889a,86275000,d__Bacteria;p__Bacteroidota;c__Bacteroidia;o__Bacteroidales;f__TTA-H9;g__TTA-H9;s__TTA-H9 sp002418865
793000,0.009191538684439293,0.09050064184852374,0.001634308895972182,0.001634308895972182,,,,"GCA_002509085.1 Methanobacteriaceae archaeon UBA588, ASM250908v1",/group/ctbrowngrp/gtdb/databases/ctb/gtdb-rs202.genomic.k31.sbt.zip,981736a8884edd9db358785b5ad8af57,0.5089858793324775,141000,97,5562000,,SRR1976948-known,d8d3889a,86275000,d__Archaea;p__Methanobacteriota;c__Methanobacteria;o__Methanobacteriales;f__Methanobacteriaceae;g__UBA588;s__UBA588 sp002509085
1571000,0.018209214720370907,0.043793320730938876,0.0016111272095044914,0.0016111272095044914,,,,"GCA_001896625.1 Thermotogales bacterium EBM-48, ASM189662v1",/group/ctbrowngrp/gtdb/databases/ctb/gtdb-rs202.genomic.k31.sbt.zip,cfd1c3d7bb118ed9c23920cc102f6170,0.49495904221802145,139000,98,5423000,,SRR1976948-known,d8d3889a,86275000,d__Bacteria;p__Thermotogota;c__Thermotogae;o__Petrotogales;f__Kosmotogaceae;g__Mesotoga;s__Mesotoga sp002752635
518000,0.006004056795131846,0.0453920220082531,0.0015299913068675746,0.0015299913068675746,,,,"GCF_002752615.1 Mesotoga sp. H07.pep.5.3 strain=H07.pep.5.3, ASM275261v1",/group/ctbrowngrp/gtdb/databases/ctb/gtdb-rs202.genomic.k31.sbt.zip,2c600e000b9e117f9c7052625b671bc7,0.1781292984869326,132000,99,5291000,,SRR1976948-known,d8d3889a,86275000,d__Bacteria;p__Thermotogota;c__Thermotogae;o__Petrotogales;f__Kosmotogaceae;g__Mesotoga;s__Mesotoga prima
409000,0.004740654882642712,0.06087360594795539,0.0015184004636337293,0.0015184004636337293,,,,"GCF_002895605.1 Petrotoga miotherma DSM 10691 strain=DSM 10691, ASM289560v1",/group/ctbrowngrp/gtdb/databases/ctb/gtdb-rs202.genomic.k31.sbt.zip,514ccf5eb782f43619efc4160560684b,0.19005576208178437,131000,100,5160000,,SRR1976948-known,d8d3889a,86275000,d__Bacteria;p__Thermotogota;c__Thermotogae;o__Petrotogales;f__Petrotogaceae;g__Petrotoga;s__Petrotoga miotherma
131000,0.0015184004636337293,0.048616305160807775,0.001506809620399884,0.001506809620399884,,,,"GCA_002412595.1 Anaerolineaceae bacterium UBA5211, ASM241259v1",/group/ctbrowngrp/gtdb/databases/ctb/gtdb-rs202.genomic.k31.sbt.zip,de41373f163f8cba03d360a52c251a70,0.04899027673896784,130000,101,5030000,,SRR1976948-known,d8d3889a,86275000,d__Bacteria;p__Chloroflexota;c__Anaerolineae;o__Anaerolineales;f__Anaerolineaceae;g__Pelolinea;s__Pelolinea sp002412595
253000,0.0029324833381628515,0.3073286052009456,0.001506809620399884,0.001506809620399884,,,,"GCA_002306095.1 Patescibacteria group bacterium UBA1357, ASM230609v1",/group/ctbrowngrp/gtdb/databases/ctb/gtdb-rs202.genomic.k31.sbt.zip,bc44417093967959ac633c8f34c7f473,0.5981087470449172,130000,102,4900000,,SRR1976948-known,d8d3889a,86275000,d__Bacteria;p__Patescibacteria;c__Paceibacteria;o__Paceibacterales;f__UBA5633;g__UBA2558;s__UBA2558 sp002340425
1951000,0.022613735149232105,0.0645822655048693,0.0014604462474645031,0.0014604462474645031,,,,"GCA_001508335.1 candidate division TA06 bacterium 32_111, ASM150833v1",/group/ctbrowngrp/gtdb/databases/ctb/gtdb-rs202.genomic.k31.sbt.zip,26406ccd23b3e06d2eb777842d984bd3,1.0,126000,103,4774000,,SRR1976948-known,d8d3889a,86275000,d__Bacteria;p__WOR-3;c__32-111;o__32-111;f__32-111;g__32-111;s__32-111 sp001508335
1965000,0.02277600695450594,0.0508822322527698,0.0014372645609968125,0.0014372645609968125,,,,"GCF_000762265.1 Methanobacterium formicicum strain=BRM9, ASM76226v1",/group/ctbrowngrp/gtdb/databases/ctb/gtdb-rs202.genomic.k31.sbt.zip,17a65135f364c447c0d0603d6cdb94e5,0.8063192449733279,124000,104,4650000,,SRR1976948-known,d8d3889a,86275000,d__Archaea;p__Methanobacteriota;c__Methanobacteria;o__Methanobacteriales;f__Methanobacteriaceae;g__Methanobacterium;s__Methanobacterium formicicum
978000,0.011335844682700666,0.04178082191780822,0.001414082874529122,0.001414082874529122,,,,"GCF_009823595.1 Sphaerochaeta halotolerans strain=585, ASM982359v1",/group/ctbrowngrp/gtdb/databases/ctb/gtdb-rs202.genomic.k31.sbt.zip,02800c576fe1a79443b81bb6cc024ac5,0.33493150684931505,122000,105,4528000,,SRR1976948-known,d8d3889a,86275000,d__Bacteria;p__Spirochaetota;c__Spirochaetia;o__Sphaerochaetales;f__Sphaerochaetaceae;g__Sphaerochaeta;s__Sphaerochaeta halotolerans
1436000,0.016644450883801797,0.08205841446453407,0.001367719501593741,0.001367719501593741,,,,"GCA_003446665.1 Synergistaceae bacterium, ASM344666v1",/group/ctbrowngrp/gtdb/databases/ctb/gtdb-rs202.genomic.k31.sbt.zip,5453bafab57a7f675eee8698220d06a6,0.9986091794158554,118000,106,4410000,,SRR1976948-known,d8d3889a,86275000,d__Bacteria;p__Synergistota;c__Synergistia;o__Synergistales;f__Thermovirgaceae;g__UBA1876;s__UBA1876 sp003446665
117000,0.0013561286583598957,0.025852462669935367,0.0013445378151260505,0.0013445378151260505,,,,"GCF_003176515.1 Escherichia coli strain=TUM4670, ASM317651v1",/group/ctbrowngrp/gtdb/databases/ctb/gtdb-rs202.genomic.k31.sbt.zip,ea7d9dac987a5763c78070b45ded7a6d,0.026075328727434812,116000,107,4294000,,SRR1976948-known,d8d3889a,86275000,d__Bacteria;p__Proteobacteria;c__Gammaproteobacteria;o__Enterobacterales;f__Enterobacteriaceae;g__Escherichia;s__Escherichia flexneri
114000,0.0013213561286583599,0.024395556523633195,0.0012981744421906693,0.0012981744421906693,,,,"GCF_002890955.1 Pseudomonas stutzeri strain=ST27MN3, ASM289095v1",/group/ctbrowngrp/gtdb/databases/ctb/gtdb-rs202.genomic.k31.sbt.zip,1aca92685817a5adf9ddec894c04c989,0.024831191461555217,112000,108,4182000,,SRR1976948-known,d8d3889a,86275000,d__Bacteria;p__Proteobacteria;c__Gammaproteobacteria;o__Pseudomonadales;f__Pseudomonadaceae;g__Pseudomonas_A;s__Pseudomonas_A stutzeri_A
630000,0.007302231237322515,0.030185544170589863,0.0012634019124891337,0.0012634019124891337,,,,"GCA_002452525.1 Acetobacterium sp. UBA6819, ASM245252v1",/group/ctbrowngrp/gtdb/databases/ctb/gtdb-rs202.genomic.k31.sbt.zip,2449fd87657ffa33a43e84c217c05c13,0.17446690667405151,109000,109,4073000,,SRR1976948-known,d8d3889a,86275000,d__Bacteria;p__Firmicutes_A;c__Clostridia;o__Eubacteriales;f__Eubacteriaceae;g__Acetobacterium;s__Acetobacterium sp003260995
108000,0.0012518110692552884,0.033707865168539325,0.0012518110692552884,0.0012518110692552884,,,,"GCA_002423325.1 Anaerolineales bacterium UBA6128, ASM242332v1",/group/ctbrowngrp/gtdb/databases/ctb/gtdb-rs202.genomic.k31.sbt.zip,0c290d910bd9857c5da8be113d36efd1,0.033707865168539325,108000,110,3965000,,SRR1976948-known,d8d3889a,86275000,d__Bacteria;p__Chloroflexota;c__Anaerolineae;o__UBA1429;f__UBA1429;g__UBA6128;s__UBA6128 sp002423325
425000,0.0049261083743842365,0.05312346286276439,0.0012518110692552884,0.0012518110692552884,,,,"GCA_002403055.1 Anaerolineaceae bacterium UBA4784, ASM240305v1",/group/ctbrowngrp/gtdb/databases/ctb/gtdb-rs202.genomic.k31.sbt.zip,115f206fb54e13768c4e092ffc82db43,0.2090506640432858,108000,111,3857000,,SRR1976948-known,d8d3889a,86275000,d__Bacteria;p__Chloroflexota;c__Anaerolineae;o__Anaerolineales;f__Anaerolineaceae;g__Brevefilum;s__Brevefilum sp002436005
651000,0.007545638945233266,0.05866076369673492,0.0012286293827875978,0.0012286293827875978,,,,"GCA_011620045.1 Mesotoga sp., ASM1162004v1",/group/ctbrowngrp/gtdb/databases/ctb/gtdb-rs202.genomic.k31.sbt.zip,31e602900ee4b37094f916e82472a0f5,0.3602656336469286,106000,112,3751000,,SRR1976948-known,d8d3889a,86275000,d__Bacteria;p__Thermotogota;c__Thermotogae;o__Petrotogales;f__Kosmotogaceae;g__Mesotoga;s__Mesotoga sp011620045
450000,0.005215879455230368,0.023314866112650046,0.0011706751666183716,0.0011706751666183716,,,,"GCA_004369205.1 Pelotomaculum schinkii strain=HH, ASM436920v1",/group/ctbrowngrp/gtdb/databases/ctb/gtdb-rs202.genomic.k31.sbt.zip,6dbfd2a9afbc10224ed8d5da2a1f6f22,0.1038781163434903,101000,113,3650000,,SRR1976948-known,d8d3889a,86275000,d__Bacteria;p__Firmicutes_B;c__Desulfotomaculia;o__Desulfotomaculales;f__Pelotomaculaceae;g__Pelotomaculum_C;s__Pelotomaculum_C schinkii
497000,0.005760649087221095,0.05537280701754386,0.0011706751666183716,0.0011706751666183716,,,,"GCA_001508055.1 Petrotoga mobilis, ASM150805v1",/group/ctbrowngrp/gtdb/databases/ctb/gtdb-rs202.genomic.k31.sbt.zip,208f021a60fea9cee413e5e5ea48eabd,0.27247807017543857,101000,114,3549000,,SRR1976948-known,d8d3889a,86275000,d__Bacteria;p__Thermotogota;c__Thermotogae;o__Petrotogales;f__Petrotogaceae;g__Petrotoga;s__Petrotoga olearia
